{
  "local.67ff64cf233df5.42535055": {
    "access_token": "cfe800680077d1ab00277f520000082b000003750ab7b1ee72fd375c1b02472d1de3e6",
    "expires": 1744890063,
    "expires_in": 3600,
    "scope": "app",
    "domain": "oauth.bitrix.info",
    "server_endpoint": "https://oauth.bitrix.info/rest/",
    "status": "L",
    "client_endpoint": "https://crm.chinmedia.vn/rest/",
    "member_id": "46e5d01a9982f5b3caccc33fe6fac9f8",
    "user_id": 2091,
    "refresh_token": "bf6728680077d1ab00277f520000082b00000397f509b1d778cd69e5777aa4052961c7",
    "expires_at": 1744890063.7775593
  },
  "local.67ff651e7310a0.77673261": {
    "access_token": "d6a100680077d1ad00277f520000082b00000337fac41cbf0c7b252d2235d010d2af9c",
    "expires": 1744871636,
    "expires_in": 3600,
    "scope": "app",
    "domain": "crm.chinmedia.vn",
    "server_endpoint": "https://oauth.bitrix.info/rest/",
    "status": "L",
    "client_endpoint": "https://crm.chinmedia.vn/rest/",
    "member_id": "46e5d01a9982f5b3caccc33fe6fac9f8",
    "user_id": 8,
    "refresh_token": "c62028680077d1ad00277f520000082b00000385f19a8e0809e25d730815e945e73bd5",
    "expires_at": 1744871636.2549996
  },
  "local.67ff65a595ce51.13752112": {
    "access_token": "20a200680077d1b500277f520000082b000003edb0cf6168e4685b3c17612ff275967c",
    "expires": 1744871636,
    "expires_in": 3600,
    "scope": "app",
    "domain": "crm.chinmedia.vn",
    "server_endpoint": "https://oauth.bitrix.info/rest/",
    "status": "L",
    "client_endpoint": "https://crm.chinmedia.vn/rest/",
    "member_id": "46e5d01a9982f5b3caccc33fe6fac9f8",
    "user_id": 8,
    "refresh_token": "102128680077d1b500277f520000082b000003b0cc4c6a217fbf1583a46be573ca5906",
    "expires_at": 1744871636.2549996
  },
  "local.67ff65e14419b8.91198484": {
    "access_token": "50a200680077d1b900277f520000082b000003eda06269b31a44b4a12d4d4c9adfe09a",
    "expires": 1744871636,
    "expires_in": 3600,
    "scope": "app",
    "domain": "crm.chinmedia.vn",
    "server_endpoint": "https://oauth.bitrix.info/rest/",
    "status": "L",
    "client_endpoint": "https://crm.chinmedia.vn/rest/",
    "member_id": "46e5d01a9982f5b3caccc33fe6fac9f8",
    "user_id": 8,
    "refresh_token": "402128680077d1b900277f520000082b0000032e59492453fb33416532b4330fae9804",
    "expires_at": 1744871636.2549996
  },
  "local.67ff342d5a6236.15031367": {
    "access_token": "d8e800680077d02f0077af5f00000008403807a60903f44daf789b0986837203106d30",
    "expires": 1744890072,
    "expires_in": 3600,
    "scope": "app",
    "domain": "oauth.bitrix.info",
    "server_endpoint": "https://oauth.bitrix.info/rest/",
    "status": "L",
    "client_endpoint": "https://b.chinmedia.vn/rest/",
    "member_id": "3313683d27727aef5ce916863e29ad7d",
    "user_id": 8,
    "refresh_token": "c86728680077d02f0077af5f00000008403807449b879ad1a49b58138d22ecaeac3137",
    "expires_at": 1744890072.1437893
  },
  "local.67ff623ee33666.40596577": {
    "access_token": "03ec00680077d1950077af5f00000008403807f10ddb9ed048a1206b2118b0e04d8068",
    "expires": 1744890883,
    "expires_in": 3600,
    "scope": "app",
    "domain": "oauth.bitrix.info",
    "server_endpoint": "https://oauth.bitrix.info/rest/",
    "status": "L",
    "client_endpoint": "https://b.chinmedia.vn/rest/",
    "member_id": "3313683d27727aef5ce916863e29ad7d",
    "user_id": 8,
    "refresh_token": "f36a28680077d1950077af5f000000084038075c3f985dd1bc748921b2ca8d1bc49963",
    "expires_at": 1744890883.2548504
  },
  "local.67ff629ea56ed3.43180118": {
    "access_token": "0aec00680077d19b0077af5f000000084038072b227c754ac7f0c9fc0404070ce06d66",
    "expires": 1744890890,
    "expires_in": 3600,
    "scope": "app",
    "domain": "oauth.bitrix.info",
    "server_endpoint": "https://oauth.bitrix.info/rest/",
    "status": "L",
    "client_endpoint": "https://b.chinmedia.vn/rest/",
    "member_id": "3313683d27727aef5ce916863e29ad7d",
    "user_id": 8,
    "refresh_token": "fa6a28680077d19b0077af5f000000084038078339ca4027cd0622d0e2f44af0f98b92",
    "expires_at": 1744890890.438579
  },
  "local.67ff631fb586d4.01513690": {
    "access_token": "10ec00680077d19d0077af5f000000084038079808b05a59a77db35b759955af2c7abf",
    "expires": 1744890896,
    "expires_in": 3600,
    "scope": "app",
    "domain": "oauth.bitrix.info",
    "server_endpoint": "https://oauth.bitrix.info/rest/",
    "status": "L",
    "client_endpoint": "https://b.chinmedia.vn/rest/",
    "member_id": "3313683d27727aef5ce916863e29ad7d",
    "user_id": 8,
    "refresh_token": "006b28680077d19d0077af5f0000000840380700080a52980f5b48b70dbb2514057d12",
    "expires_at": 1744890896.366257
  }
}